run_id,event_index,tick,villager_id,prey_type,simulation_day
20261005_184808_2121053672443607134_ed06445e606844ba9564c3bdac122867,19,5359,2180.0,sheep,0
20261005_184808_2121053672443607134_ed06445e606844ba9564c3bdac122867,261,17339,2180.0,sheep,1
20261005_184808_2121053672443607134_ed06445e606844ba9564c3bdac122867,323,19199,2180.0,sheep,1
20261005_184808_2121053672443607134_ed06445e606844ba9564c3bdac122867,399,23169,2180.0,sheep,1
20261005_184808_2121053672443607134_ed06445e606844ba9564c3bdac122867,437,24659,2180.0,sheep,2
20261005_184808_2121053672443607134_ed06445e606844ba9564c3bdac122867,450,25569,2180.0,sheep,2
20261005_184808_2121053672443607134_ed06445e606844ba9564c3bdac122867,477,27649,2180.0,sheep,2
20261005_184808_2121053672443607134_ed06445e606844ba9564c3bdac122867,487,28649,2180.0,sheep,2
20261005_184808_2121053672443607134_ed06445e606844ba9564c3bdac122867,546,30899,2180.0,sheep,2
20261005_184808_2121053672443607134_ed06445e606844ba9564c3bdac122867,646,35619,2180.0,sheep,2
20261005_184808_2121053672443607134_ed06445e606844ba9564c3bdac122867,685,36869,2180.0,sheep,3
20261005_184808_2121053672443607134_ed06445e606844ba9564c3bdac122867,802,41559,2180.0,sheep,3
20261005_184808_2121053672443607134_ed06445e606844ba9564c3bdac122867,855,42929,2180.0,sheep,3
20261005_184808_2121053672443607134_ed06445e606844ba9564c3bdac122867,1607,75265,2444.0,sheep,6
20261005_184808_2121053672443607134_ed06445e606844ba9564c3bdac122867,1637,76045,2444.0,sheep,6
20261005_184808_2121053672443607134_ed06445e606844ba9564c3bdac122867,1786,84785,2444.0,sheep,7
20261005_184808_2121053672443607134_ed06445e606844ba9564c3bdac122867,1803,85285,2444.0,sheep,7
20261005_184808_2121053672443607134_ed06445e606844ba9564c3bdac122867,1919,91475,2444.0,sheep,7
20261005_184808_2121053672443607134_ed06445e606844ba9564c3bdac122867,2026,95445,2444.0,sheep,7
20261005_184808_2121053672443607134_ed06445e606844ba9564c3bdac122867,2067,96985,2444.0,sheep,8
20261005_184808_2121053672443607134_ed06445e606844ba9564c3bdac122867,2202,103435,2444.0,sheep,8
